000 cyano-1,4-benzoquinone 3958-77-8                          
001 2,3-dicyano-1,4-benzoquinone 4622-04-2                       
002 2,3-dicyano-5,6-dichloro-1,4-benzoquinone 84-58-2
003 chloro-1,4-benzoquinone 695-99-8
004 2-bromo-5-t-butyl-1,4-benzoquinone 21099-14-9
005 2-bromo-6-methyl-1,4-benzoquinone 6293-55-6
006 2-iodo-6-isopropyl-1,4-benzoquinone
007 2-iodo-3-methyl-6-isopropyl-1,4-benzoquinone 7294-88-4
008 2-chloro-6-bromo-1,4-benzoquinone 14414-36-9
009 2,3-dichloro-1,4-benzoquinone 5145-42-6
010 2,5-dichloro-1,4-benzoquinone 615-93-0
011 2,6-dichloro-1,4-benzoquinone 697-91-6
012 2,6-dibromo-1,4-benzoquinone 19643-45-9
013 2,6-diiodo-1,4-benzoquinone 20389-01-9
014 2,3-dichloro-5-t-butyl-1,4-benzoquinone 34403-14-0
015 2,3-dibromo-5-t-butyl-1,4-benzoquinone 25762-86-1
016 2,3-diiodo-5-t-butyl-1,4-benzoquinone
017 2,6-dichloro-3,5-dimethyl-1,4-benzoquinone 24456-95-9
018 2,5-dichloro-3,6-di-t-butyl-1,4-benzoquinone 33611-73-3
019 2,5-dibromo-3-methyl-6-isopropyl-1,4-benzoquinone 29096-93-3
020 2,5-dibromo-3,6-diisopropyl-1,4-benzoquinone
021 2,5-dibromo-3,6-diphenyl-1,4-benzoquinone 28293-39-2
022 2,5-dichloro-3,6-dimethoxy-1,4-benzoquinone 7210-71-1
023 2,6-dibromo-3,5-dimethoxy-1,4-benzoquinone 61014-67-3
024 2,5-dibromo-3,6-diamino-1,4-benzoquinone
025 2,5-dibromo-3,6-di(cyclohexylamino)-1,4-benzoquinone
026 trichloro-1,4-benzoquinone 634-85-5
027 tribromo-hexyl-1,4-benzoquinone
028 tetrafluoro-1,4-benzoquinone 527-21-9
029 tetrachloro-1,4-benzoquinone 118-75-2
030 tetrabromo-1,4-benzoquinone 488-48-2
031 tetraiodo-1,4-benzoquinone 576-59-0
032 methyl-1,4-benzoquinone 553-97-9
033 t-butyl-1,4-benzoquinone 3602-55-9
034 2-methyl-5-isopropyl-1,4-benzoquinone 490-91-5
035 2-methyl-5-isopropyl-3,6-dinitro-1,4-benzoquinone 92574-55-5
036 2-methyl-3-cumyl-1,4-benzoquinone
037 2,3-dimethyl-1,4-benzoquinone 526-86-3
038 2,5-dimethyl-1,4-benzoquinone 137-18-8
039 2,6-dimethyl-1,4-benzoquinone 527-61-7
040 2,3-dimethyl-5-prenyl-1,4-benzoquinone
041 2,3-dimethyl-5-nanoprenyl-1,4-benzoquinone
042 2,3-dimethyl-5-(1'-acetoxy)ethyl-1,4-benzoquinone
043 2,3-dimethyl-5,6-diisopropyl-1,4-benzoquinone
044 2,3-dimethyl-5,6-methylenedioxy-1,4-benzoquinone 58698-90-1
045 2,5-di-t-butyl-1,4-benzoquinone 93896-16-3
046 2,6-di-t-butyl-1,4-benzoquinone 719-22-2
047 2,6-di-isopropyl-1,4-benzoquinone 1988-11-0
048 2,5-di-isooctyl-1,4-benzoquinone 57214-69-4
049 trimethyl-1,4-benzoquinone 935-92-2
050 trimethyl-phytyl-1,4-benzoquinone 28072-25-5
051 trimethyl-propanoic acid-1,4-benzoquinone
052 trimethyl-(2-carboxyethylthio)-1,4-benzoquinone
053 tetramethyl-1,4-benzoquinone
054 tetraisopropyl-1,4-benzoquinone
055 octamethyl-1,4,5,8-tetrahydroanthraquinone-1,4-benzoquinone
056 acetyl-1,4-benzoquinone 1125-55-9
057 2-acetyl-3-methyl-1,4-benzoquinone 78606-28-7
058 2-acetyl-5-methyl-1,4-benzoquinone 63076-94-8
059 2-acetyl-6-methyl-1,4-benzoquinone 274259-42-6
060 2-acetyl-3-chloro-1,4-benzoquinone 52095-13-3
